<OME xmlns="http://www.openmicroscopy.org/Schemas/OME/2016-06" xmlns:xsi="http://www.w3.org/2001/XMLSchema-instance" xsi:schemaLocation="http://www.openmicroscopy.org/Schemas/OME/2016-06 http://www.openmicroscopy.org/Schemas/OME/2016-06/ome.xsd">
    <Project ID="Project:48557" Name="vsi-from-niko">
        <Description />
        <DatasetRef ID="Dataset:49369" />
    </Project>
    <Dataset ID="Dataset:49369" Name="vsi-multifile">
        <Description />
        <ImageRef ID="Image:210365" />
        <ImageRef ID="Image:210366" />
    </Dataset>
    <Image ID="Image:210365" Name="vsi-ets-test-jpg2k.vsi [001 C405, C488]">
        <Description />
        <Pixels DimensionOrder="XYZCT" ID="Pixels:210365" SizeC="2" SizeT="1" SizeX="1645" SizeY="1682" SizeZ="11" Type="uint16">
            <MetadataOnly />
        </Pixels>
        <AnnotationRef ID="Annotation:-244440999327873053151243663148723411367" />
        <AnnotationRef ID="Annotation:-337910390436557346463018003288303679204" />
    </Image>
    <Image ID="Image:210366" Name="vsi-ets-test-jpg2k.vsi [macro image]">
        <Description />
        <Pixels DimensionOrder="XYZCT" ID="Pixels:210366" SizeC="3" SizeT="1" SizeX="501" SizeY="512" SizeZ="1" Type="uint8">
            <MetadataOnly />
        </Pixels>
        <AnnotationRef ID="Annotation:-64456605447647998094979072411820132543" />
        <AnnotationRef ID="Annotation:-327193565399463419072318556629070713288" />
    </Image>
    <StructuredAnnotations>
        <MapAnnotation ID="Annotation:-244440999327873053151243663148723411367" Namespace="openmicroscopy.org/cli/transfer">
            <Value>
                <M K="origin_image_id">210365</M>
                <M K="origin_hostname">merge-ci-devspace.openmicroscopy.org</M>
                <M K="packing_timestamp">16/02/2022, 16:13:12</M>
                <M K="software">omero-cli-transfer</M>
                <M K="version">0.0.1</M>
            </Value>
        </MapAnnotation>
        <CommentAnnotation ID="Annotation:-337910390436557346463018003288303679204" Namespace="Image:210365">
            <Value>/home/omero/omero-server-data/ManagedRepository/./user-3_454/Blitz-0-Ice.ThreadPool.Server-364/2022-01/14/11-40-13.172</Value>
        </CommentAnnotation>
        <MapAnnotation ID="Annotation:-64456605447647998094979072411820132543" Namespace="openmicroscopy.org/cli/transfer">
            <Value>
                <M K="origin_image_id">210366</M>
                <M K="origin_hostname">merge-ci-devspace.openmicroscopy.org</M>
                <M K="packing_timestamp">16/02/2022, 16:13:12</M>
                <M K="software">omero-cli-transfer</M>
                <M K="version">0.0.1</M>
            </Value>
        </MapAnnotation>
        <CommentAnnotation ID="Annotation:-327193565399463419072318556629070713288" Namespace="Image:210366">
            <Value>/home/omero/omero-server-data/ManagedRepository/./user-3_454/Blitz-0-Ice.ThreadPool.Server-364/2022-01/14/11-40-13.172</Value>
        </CommentAnnotation>
    </StructuredAnnotations>
</OME>

