<OME xmlns="http://www.openmicroscopy.org/Schemas/OME/2016-06" xmlns:xsi="http://www.w3.org/2001/XMLSchema-instance" xsi:schemaLocation="http://www.openmicroscopy.org/Schemas/OME/2016-06 http://www.openmicroscopy.org/Schemas/OME/2016-06/ome.xsd">
    <Project ID="Project:6358" Name="osnabruck2">
        <Description />
        <DatasetRef ID="Dataset:6473" />
        <AnnotationRef ID="Annotation:18626" />
    </Project>
    <Dataset ID="Dataset:6473" Name="Desktop">
        <Description />
        <ImageRef ID="Image:91041" />
    </Dataset>
    <Image ID="Image:91041" Name="B-F-downloads-for-BF-Package.png">
        <Description />
        <Pixels DimensionOrder="XYZCT" ID="Pixels:91041" SizeC="4" SizeT="1" SizeX="1112" SizeY="779" SizeZ="1" Type="uint8">
            <MetadataOnly />
        </Pixels>
        <ROIRef ID="ROI:411162" />
        <ROIRef ID="ROI:411163" />
        <AnnotationRef ID="Annotation:-67073075027567281949524346095584758052" />
        <AnnotationRef ID="Annotation:-162951106024525380337094278105054388012" />
    </Image>
    <StructuredAnnotations>
        <MapAnnotation ID="Annotation:18626" Namespace="openmicroscopy.org/omero/client/mapAnnotation">
            <Value>
                <M K="hhh">jjj</M>
            </Value>
        </MapAnnotation>
        <CommentAnnotation ID="Annotation:-162951106024525380337094278105054388012" Namespace="Image:91041">
            <Value>/home/omero/omero-server-data/ManagedRepository/./user-3_454/Blitz-0-Ice.ThreadPool.Server-6/2019-08/26/10-33-11.762/B-F-downloads-for-BF-Package.png</Value>
        </CommentAnnotation>
        <MapAnnotation ID="Annotation:-67073075027567281949524346095584758052" Namespace="openmicroscopy.org/cli/transfer">
            <Value>
                <M K="origin_image_id">91041</M>
                <M K="origin_hostname">merge-ci-devspace.openmicroscopy.org</M>
                <M K="packing_timestamp">15/02/2022, 14:54:03</M>
                <M K="software">omero-cli-transfer</M>
                <M K="version">0.0.1</M>
            </Value>
        </MapAnnotation>
    </StructuredAnnotations>
    <ROI ID="ROI:411162">
        <Union>
            <Line FillColor="-256" ID="Shape:448491" StrokeColor="-65281" Text="" TheC="0" TheT="0" TheZ="0" X1="201.82500000000007" X2="674.7" Y1="278.36250000000007" Y2="311.51250000000005" />
        </Union>
    </ROI>
    <ROI ID="ROI:411163">
        <Union>
            <Rectangle FillColor="-256" Height="130.64999999999998" ID="Shape:448492" StrokeColor="-65281" Text="" TheC="0" TheT="0" TheZ="0" Width="179.39999999999998" X="612.3000000000001" Y="380.73750000000007" />
        </Union>
    </ROI>
</OME>

